종목코드,종목명,시장구분,업종명,종가,대비,등락률,시가총액
"095570","AJ네트웍스","KOSPI","일반서비스","4460","35","0.79","201827305140"
"006840","AK홀딩스","KOSPI","기타금융","9260","-120","-1.28","122672414860"
"027410","BGF","KOSPI","기타금융","3920","-80","-2.00","375209820720"
"282330","BGF리테일","KOSPI","유통","109200","-1900","-1.71","1887402535200"
"138930","BNK금융지주","KOSPI","기타금융","14800","-310","-2.05","4653492279200"
"001460","BYC","KOSPI","섬유·의류","37450","-950","-2.47","233918317500"
"001465","BYC우","KOSPI","섬유·의류","22800","-150","-0.65","49107780000"
"001040","CJ","KOSPI","기타금융","178100","3500","2.00","5196423343800"
"079160","CJ CGV","KOSPI","오락·문화","5340","-70","-1.29","884205023100"
"00104K","CJ4우(전환)","KOSPI","기타금융","150100","2300","1.56","634399451200"
"000120","CJ대한통운","KOSPI","운송·창고","92000","-2400","-2.54","2098735648000"
"011150","CJ씨푸드","KOSPI","음식료·담배","2670","-5","-0.19","95935163910"
"011155","CJ씨푸드1우","KOSPI","음식료·담배","14500","-910","-5.91","2900000000"
"001045","CJ우","KOSPI","기타금융","89300","-1600","-1.76","201837913900"
"097950","CJ제일제당","KOSPI","음식료·담배","221500","-5000","-2.21","3334502199000"
"097955","CJ제일제당 우","KOSPI","음식료·담배","136500","-1400","-1.02","181194604500"
"000480","CR홀딩스","KOSPI","비금속","4885","20","0.41","229060043650"
"000590","CS홀딩스","KOSPI","기타금융","73400","-3900","-5.05","84738978800"
"012030","DB","KOSPI","IT 서비스","1393","-44","-3.06","280235288669"
"005830","DB손해보험","KOSPI","보험","122100","-4000","-3.17","8644680000000"
"016610","DB증권","KOSPI","증권","10200","-550","-5.12","432953167800"
"000990","DB하이텍","KOSPI","전기·전자","67500","-2900","-4.12","2936559690000"
"000300","DH오토넥스","KOSPI","운송장비·부품","1984","0","0.00","162944308992"
"001530","DI동일","KOSPI","유통","15910","-710","-4.27","313892844800"
"015590","DKME","KOSPI","기계·장비","515","0","0.00","122045495160"
"000210","DL","KOSPI","화학","38600","-2050","-5.04","808897122400"
"000215","DL우","KOSPI","화학","25200","-1300","-4.91","42490098000"
"375500","DL이앤씨","KOSPI","건설","39100","-1600","-3.93","1512920659300"
"37550L","DL이앤씨2우(전환)","KOSPI","건설","28850","-450","-1.54","60929786350"
"37550K","DL이앤씨우","KOSPI","건설","21900","-700","-3.10","46294081500"
"007340","DN오토모티브","KOSPI","전기·전자","22600","-850","-3.62","1322345549000"
"004840","DRB동일","KOSPI","화학","4600","-45","-0.97","91678000000"
"155660","DSR","KOSPI","금속","3775","-60","-1.56","60400000000"
"069730","DSR제강","KOSPI","금속","3325","-145","-4.18","47880000000"
"017860","DS단석","KOSPI","화학","18650","-720","-3.72","327945553800"
"092780","DYP","KOSPI","운송장비·부품","3200","35","1.11","42139072000"
"017940","E1","KOSPI","유통","83800","-1600","-1.87","574868000000"
"365550","ESR켄달스퀘어리츠","KOSPI","부동산","4440","15","0.34","1092635160000"
"383220","F&F","KOSPI","섬유·의류","72800","-1800","-2.41","2788755060000"
"007700","F&F홀딩스","KOSPI","기타금융","19320","-290","-1.48","755689570440"
"114090","GKL","KOSPI","오락·문화","14210","160","1.14","878969070700"
"078930","GS","KOSPI","기타금융","58900","-700","-1.17","5472715764200"
"006360","GS건설","KOSPI","건설","18450","-500","-2.64","1578978490500"
"001250","GS글로벌","KOSPI","유통","2360","-50","-2.07","194779683040"
"007070","GS리테일","KOSPI","유통","21600","-450","-2.04","1805920164000"
"078935","GS우","KOSPI","기타금융","47650","-950","-1.95","85046958900"
"499790","GS피앤엘","KOSPI","기타금융","48850","4700","10.65","968736582850"
"012630","HDC","KOSPI","기타금융","16760","-500","-2.90","1001271243960"
"039570","HDC랩스","KOSPI","건설","8280","-10","-0.12","214928936280"
"089470","HDC현대EP","KOSPI","화학","3995","-20","-0.50","127440500000"
"294870","HDC현대산업개발","KOSPI","건설","18580","-420","-2.21","1224558191400"
"009540","HD한국조선해양","KOSPI","기타금융","426000","-10500","-2.41","30149347416000"
"267250","HD현대","KOSPI","기타금융","217500","-9000","-3.97","17180995987500"
"267270","HD현대건설기계","KOSPI","기계·장비","88700","-2900","-3.17","1539620273100"
"443060","HD현대마린솔루션","KOSPI","일반서비스","200000","-9500","-4.53","8965842000000"
"071970","HD현대마린엔진","KOSPI","기계·장비","79300","-2600","-3.17","2689974553500"
"010620","HD현대미포","KOSPI","운송장비·부품","240000","500","0.21","9586115760000"
"322000","HD현대에너지솔루션","KOSPI","전기·전자","53300","-2500","-4.48","596960000000"
"042670","HD현대인프라코어","KOSPI","기계·장비","13540","-520","-3.70","2557045762520"
"267260","HD현대일렉트릭","KOSPI","전기·전자","812000","-28000","-3.33","29270273620000"
"329180","HD현대중공업","KOSPI","운송장비·부품","603000","0","0.00","53530188948000"
"097230","HJ중공업","KOSPI","건설","22650","-1500","-6.21","2045189541600"
"014790","HL D&I","KOSPI","건설","2455","-50","-2.00","92942865455"
"003580","HLB글로벌","KOSPI","유통","2205","-90","-3.92","111713028525"
"204320","HL만도","KOSPI","운송장비·부품","35850","-1100","-2.98","1683412752000"
"060980","HL홀딩스","KOSPI","기타금융","41000","-50","-0.12","377752557000"
"011200","HMM","KOSPI","운송·창고","18750","-490","-2.55","17685711937500"
"035000","HS애드","KOSPI","일반서비스","8580","-110","-1.27","142148369220"
"002460","HS화성","KOSPI","건설","11500","-100","-0.86","116725000000"
"487570","HS효성","KOSPI","기타금융","62800","-2900","-4.41","233988215600"
"298050","HS효성첨단소재","KOSPI","화학","198600","-3900","-1.93","889717672800"
"003560","IHQ","KOSPI","오락·문화","10760","0","0.00","76220934800"
"015360","INVENI","KOSPI","일반서비스","62000","-2200","-3.43","353400000000"
"175330","JB금융지주","KOSPI","기타금융","23400","-850","-3.51","4473685569600"
"234080","JW생명과학","KOSPI","제약","15500","290","1.91","245435587000"
"001060","JW중외제약","KOSPI","제약","24650","-400","-1.60","573998174500"
"001067","JW중외제약2우B","KOSPI","제약","60900","0","0.00","12787355700"
"001065","JW중외제약우","KOSPI","제약","27650","0","0.00","9454945150"
"096760","JW홀딩스","KOSPI","기타금융","3455","-95","-2.68","255410674610"
"008970","KBI동양철관","KOSPI","금속","1998","-97","-4.63","159642012186"
"105560","KB금융","KOSPI","기타금융","122500","-4300","-3.39","46729107617500"
"415640","KB발해인프라","KOSPI","기타금융","10030","-180","-1.76","1229131846440"
"432320","KB스타리츠","KOSPI","부동산","3795","-50","-1.30","384867211575"
"002380","KCC","KOSPI","화학","412500","-15500","-3.62","3665669287500"
"344820","KCC글라스","KOSPI","비금속","26100","-400","-1.51","416830363200"
"009070","KCTC","KOSPI","운송·창고","4915","-125","-2.48","147450000000"
"009440","KC그린홀딩스","KOSPI","기타금융","756","0","0.00","17568790596"
"119650","KC코트렐","KOSPI","기계·장비","918","0","0.00","100782913662"
"092220","KEC","KOSPI","전기·전자","702","-9","-1.27","140935724982"
"003620","KG모빌리티","KOSPI","운송장비·부품","3285","-75","-2.23","664801585920"
"016380","KG스틸","KOSPI","금속","5290","-110","-2.04","529047065130"
"001390","KG케미칼","KOSPI","화학","5080","-340","-6.27","347822723200"
"033180","KH 필룩스","KOSPI","전기·전자","5310","0","0.00","138166306200"
"001940","KISCO홀딩스","KOSPI","금속","26200","-750","-2.78","371421156000"
"025000","KPX케미칼","KOSPI","화학","49650","-750","-1.49","240306000000"
"092230","KPX홀딩스","KOSPI","화학","69400","-1400","-1.98","293190432400"
"000040","KR모터스","KOSPI","운송장비·부품","469","-15","-3.10","40509961296"
"044450","KSS해운","KOSPI","운송·창고","9260","-110","-1.17","213775248800"
"030200","KT","KOSPI","통신","49200","-700","-1.40","12399466902000"
"033780","KT&G","KOSPI","음식료·담배","141100","-1000","-0.70","16646504609500"
"058850","KTcs","KOSPI","IT 서비스","2850","-80","-2.73","121652250000"
"058860","KTis","KOSPI","IT 서비스","2715","-40","-1.45","94487430000"
"093050","LF","KOSPI","섬유·의류","17590","-430","-2.39","514331600000"
"003550","LG","KOSPI","기타금융","80700","-2900","-3.47","12445681909500"
"034220","LG디스플레이","KOSPI","전기·전자","12130","-780","-6.04","6065000000000"
"051900","LG생활건강","KOSPI","화학","281000","-8000","-2.77","4299990979000"
"051905","LG생활건강우","KOSPI","화학","114400","-2400","-2.05","240205336800"
"064400","LG씨엔에스","KOSPI","IT 서비스","55500","-2400","-4.15","5377170114000"
"373220","LG에너지솔루션","KOSPI","전기·전자","443000","-20000","-4.32","103662000000000"
"003555","LG우","KOSPI","기타금융","66500","-1900","-2.78","200244733500"
"032640","LG유플러스","KOSPI","통신","15120","-460","-2.95","6499004727600"
"011070","LG이노텍","KOSPI","전기·전자","237000","-8000","-3.27","5609104359000"
"066570","LG전자","KOSPI","전기·전자","87600","-3800","-4.16","14268847501200"
"066575","LG전자우","KOSPI","전기·전자","49000","-2800","-5.41","842113608000"
"037560","LG헬로비전","KOSPI","오락·문화","2365","-35","-1.46","183161835725"
"051910","LG화학","KOSPI","화학","388000","-14000","-3.48","27389829084000"
"051915","LG화학우","KOSPI","화학","191900","-7000","-3.52","1475480720000"
"079550","LIG넥스원","KOSPI","금속","400500","-24500","-5.76","8811000000000"
"006260","LS","KOSPI","기타금융","192000","-9000","-4.48","6086400000000"
"010120","LS ELECTRIC","KOSPI","전기·전자","459000","-11000","-2.34","13770000000000"
"000680","LS네트웍스","KOSPI","유통","3180","-150","-4.50","250593590880"
"229640","LS에코에너지","KOSPI","기타금융","35600","-1400","-3.78","1090245692400"
"108320","LX세미콘","KOSPI","전기·전자","49650","-1050","-2.07","807522495000"
"001120","LX인터내셔널","KOSPI","유통","30250","-750","-2.42","1172490000000"
"108670","LX하우시스","KOSPI","화학","29850","-1200","-3.86","267684949500"
"108675","LX하우시스우","KOSPI","화학","16880","-330","-1.92","17425730400"
"383800","LX홀딩스","KOSPI","기타금융","7880","-230","-2.84","601091837200"
"38380K","LX홀딩스1우","KOSPI","기타금융","8640","-50","-0.58","12660062400"
"023150","MH에탄올","KOSPI","음식료·담배","5010","70","1.42","36966415260"
"035420","NAVER","KOSPI","IT 서비스","249000","-6000","-2.35","39056306862000"
"181710","NHN","KOSPI","IT 서비스","31200","-800","-2.50","1053503037600"
"400760","NH올원리츠","KOSPI","부동산","3445","-10","-0.29","189231352375"
"005940","NH투자증권","KOSPI","증권","20550","-650","-3.07","7322876782950"
"005945","NH투자증권우","KOSPI","증권","18580","-450","-2.36","350622585440"
"338100","NH프라임리츠","KOSPI","부동산","4795","-30","-0.62","89474700000"
"034310","NICE","KOSPI","일반서비스","13860","-20","-0.14","514600206120"
"030190","NICE평가정보","KOSPI","IT 서비스","15570","70","0.45","926517653010"
"008260","NI스틸","KOSPI","금속","3340","-10","-0.30","95524390780"
"004250","NPC","KOSPI","화학","3870","-80","-2.03","142106400000"
"004255","NPC우","KOSPI","화학","2475","-70","-2.75","13068000000"
"456040","OCI","KOSPI","화학","59500","-1900","-3.09","532673452500"
"010060","OCI홀딩스","KOSPI","기타금융","108800","-3400","-3.03","2047062969600"
"178920","PI첨단소재","KOSPI","화학","16890","-840","-4.74","495997178580"
"001340","PKC","KOSPI","화학","5770","-190","-3.19","259179208390"
"005490","POSCO홀딩스","KOSPI","금속","312500","-2000","-0.64","25291547500000"
"010950","S-Oil","KOSPI","화학","85700","-2300","-2.61","9648345274400"
"010955","S-Oil우","KOSPI","화학","49200","-1400","-2.77","197878808400"
"034120","SBS","KOSPI","오락·문화","19650","-500","-2.48","364531826700"
"003080","SB성보","KOSPI","화학","2870","0","0.00","57457400000"
"005090","SGC에너지","KOSPI","전기·가스","22850","0","0.00","329253259050"
"001380","SG글로벌","KOSPI","운송장비·부품","1734","-41","-2.31","77967823962"
"004060","SG세계물산","KOSPI","유통","303","-3","-0.98","61334762880"
"001770","SHD","KOSPI","금속","17500","-30","-0.17","21260365000"
"002360","SH에너지화학","KOSPI","화학","363","-9","-2.42","40341543990"
"009160","SIMPAC","KOSPI","금속","4785","0","0.00","313080234060"
"033530","SJG세종","KOSPI","운송장비·부품","8110","-830","-9.28","225627993710"
"123700","SJM","KOSPI","운송장비·부품","3610","-90","-2.43","56333681780"
"025530","SJM홀딩스","KOSPI","유통","3695","-75","-1.99","55181159560"
"034730","SK","KOSPI","기타금융","263500","-4500","-1.68","19104462240500"
"011790","SKC","KOSPI","화학","111500","-6300","-5.35","4222315227000"
"018670","SK가스","KOSPI","유통","261500","-2000","-0.76","2417631306000"
"001740","SK네트웍스","KOSPI","유통","4470","-125","-2.72","989112221940"
"006120","SK디스커버리","KOSPI","기타금융","65300","-2900","-4.25","1198114931500"
"006125","SK디스커버리우","KOSPI","기타금융","40200","-1000","-2.43","52760691000"
"210980","SK디앤디","KOSPI","부동산","12620","0","0.00","234951360840"
"395400","SK리츠","KOSPI","부동산","5240","-90","-1.69","1549762205040"
"302440","SK바이오사이언스","KOSPI","제약","53100","-1500","-2.75","4161401599500"
"326030","SK바이오팜","KOSPI","일반서비스","126800","-3500","-2.69","9930120100000"
"402340","SK스퀘어","KOSPI","기타금융","283500","-21000","-6.90","37575333243000"
"361610","SK아이이테크놀로지","KOSPI","전기·전자","29500","-1800","-5.75","2412719450000"
"100090","SK오션플랜트","KOSPI","금속","19100","-750","-3.78","1193332263900"
"03473K","SK우","KOSPI","기타금융","196700","-4800","-2.38","111358754500"
"096770","SK이노베이션","KOSPI","화학","116000","-6300","-5.15","19610123408000"
"096775","SK이노베이션우","KOSPI","화학","76800","-4200","-5.19","95879116800"
"475150","SK이터닉스","KOSPI","건설","17560","-740","-4.04","592720977520"
"001510","SK증권","KOSPI","증권","668","-32","-4.57","315690234228"
"001515","SK증권우","KOSPI","증권","2140","-55","-2.51","8372779960"
"285130","SK케미칼","KOSPI","화학","74800","-3200","-4.10","1293947696800"
"28513K","SK케미칼우","KOSPI","화학","29900","-1100","-3.55","63251327100"
"017670","SK텔레콤","KOSPI","통신","52700","-900","-1.68","11319435793100"
"000660","SK하이닉스","KOSPI","전기·전자","570000","-36000","-5.94","414961348050000"
"003570","SNT다이내믹스","KOSPI","운송장비·부품","44150","-2700","-5.76","1468106572550"
"064960","SNT모티브","KOSPI","운송장비·부품","30050","-700","-2.28","797535173600"
"100840","SNT에너지","KOSPI","기계·장비","39850","-1750","-4.21","824129202550"
"036530","SNT홀딩스","KOSPI","기타금융","56500","-3600","-5.99","921169559000"
"005610","SPC삼립","KOSPI","음식료·담배","50300","-200","-0.40","434039152700"
"011810","STX","KOSPI","유통","3530","0","0.00","109493282310"
"465770","STX그린로지스","KOSPI","운송·창고","6320","-190","-2.92","45320922240"
"077970","STX엔진","KOSPI","기계·장비","29850","-1550","-4.94","1198419680550"
"002820","SUN&L","KOSPI","종이·목재","2380","0","0.00","30007013820"
"084870","TBH글로벌","KOSPI","섬유·의류","1331","10","0.76","27760426089"
"002710","TCC스틸","KOSPI","금속","15900","-780","-4.68","416797782300"
"069260","TKG휴켐스","KOSPI","화학","17480","-340","-1.91","714557718240"
"007980","TP","KOSPI","섬유·의류","1820","-190","-9.45","93138736600"
"002900","TYM","KOSPI","기계·장비","6230","-160","-2.50","280667455880"
"024070","WISCOM","KOSPI","화학","1831","-77","-4.04","28062707978"
"037270","YG PLUS","KOSPI","IT 서비스","5990","-80","-1.32","381342028900"
"139130","iM금융지주","KOSPI","기타금융","13960","-290","-2.04","2262283137360"
"000500","가온전선","KOSPI","전기·전자","67500","-5900","-8.04","1116660262500"
"000860","강남제비스코","KOSPI","화학","12010","-430","-3.46","156130000000"
"035250","강원랜드","KOSPI","오락·문화","17390","90","0.52","3720425295000"
"011420","갤럭시아에스엠","KOSPI","오락·문화","2080","-65","-3.03","57303259520"
"002100","경농","KOSPI","화학","9240","-70","-0.75","180388593000"
"009450","경동나비엔","KOSPI","전기·전자","58400","-900","-1.52","850805772800"
"267290","경동도시가스","KOSPI","전기·가스","20850","-350","-1.65","122919215100"
"012320","경동인베스트","KOSPI","기타금융","50200","-900","-1.76","118724154600"
"000050","경방","KOSPI","유통","6830","-250","-3.53","187246294100"
"214390","경보제약","KOSPI","제약","6040","20","0.33","144397434400"
"012610","경인양행","KOSPI","화학","2790","-80","-2.79","116109658350"
"009140","경인전자","KOSPI","전기·전자","20300","150","0.74","31887179100"
"013580","계룡건설","KOSPI","건설","17610","-250","-1.40","157273272270"
"012200","계양전기","KOSPI","기계·장비","1381","-14","-1.00","37594726849"
"012205","계양전기우","KOSPI","기계·장비","2875","-125","-4.17","3361102125"
"002140","고려산업","KOSPI","음식료·담배","2460","-35","-1.40","61350985500"
"010130","고려아연","KOSPI","금속","1070000","-33000","-2.99","20697291410000"
"002240","고려제강","KOSPI","금속","17790","-410","-2.25","480330000000"
"009290","광동제약","KOSPI","제약","5910","-80","-1.34","309807229410"
"017040","광명전기","KOSPI","전기·전자","1310","-11","-0.83","56772275650"
"017900","광전자","KOSPI","전기·전자","1820","7","0.39","105457648660"
"037710","광주신세계","KOSPI","유통","30500","-300","-0.97","242694295000"
"030610","교보증권","KOSPI","증권","9050","-460","-4.84","1031364797050"
"339770","교촌에프앤비","KOSPI","유통","4240","-130","-2.97","211851939200"
"007690","국도화학","KOSPI","화학","31950","-1200","-3.62","295883582400"
"001140","국보","KOSPI","운송·창고","2110","0","0.00","33456978680"
"002720","국제약품","KOSPI","제약","4365","-85","-1.91","92362666680"
"083420","그린케미칼","KOSPI","화학","6620","-200","-2.93","158880000000"
"014530","극동유화","KOSPI","화학","3250","-30","-0.91","113325615000"
"014280","금강공업","KOSPI","금속","5790","50","0.87","169816977030"
"014285","금강공업우","KOSPI","금속","8200","470","6.08","4836975000"
"008870","금비","KOSPI","비금속","54000","-1100","-2.00","54000000000"
"001570","금양","KOSPI","화학","9900","0","0.00","633275240400"
"002990","금호건설","KOSPI","건설","3605","-90","-2.44","133373319800"
"002995","금호건설우","KOSPI","건설","10920","30","0.28","3191544720"
"011780","금호석유화학","KOSPI","화학","115900","-4200","-3.50","3017078897800"
"011785","금호석유화학우","KOSPI","화학","62800","-1800","-2.79","189874920800"
"214330","금호에이치티","KOSPI","운송장비·부품","544","-12","-2.16","118617301440"
"001210","금호전기","KOSPI","전기·전자","632","-17","-2.62","38902126104"
"073240","금호타이어","KOSPI","화학","5160","-150","-2.82","1482263080920"
"092440","기신정기","KOSPI","기계·장비","2320","-45","-1.90","67744000000"
"000270","기아","KOSPI","운송장비·부품","114500","-2900","-2.47","45088871415000"
"024110","기업은행","KOSPI","은행","20050","-450","-2.20","15988388673450"
"013700","까뮤이앤씨","KOSPI","건설","1100","-16","-1.43","65725913000"
"004540","깨끗한나라","KOSPI","종이·목재","1943","-56","-2.80","72358666499"
"004545","깨끗한나라우","KOSPI","종이·목재","11290","120","1.07","4133946400"
"001260","남광토건","KOSPI","건설","7170","-180","-2.45","70499541240"
"008350","남선알미늄","KOSPI","금속","1012","-21","-2.03","130628039080"
"008355","남선알미우","KOSPI","금속","12300","0","0.00","3787047000"
"004270","남성","KOSPI","유통","862","2","0.23","31214881920"
"003920","남양유업","KOSPI","음식료·담배","50700","-700","-1.36","304200000000"
"003925","남양유업우","KOSPI","음식료·담배","34000","-900","-2.58","68000000000"
"025860","남해화학","KOSPI","화학","6400","-170","-2.59","317944595200"
"005720","넥센","KOSPI","화학","5610","-200","-3.44","300381710970"
"005725","넥센우","KOSPI","화학","4510","-20","-0.44","16238706000"
"002350","넥센타이어","KOSPI","화학","7220","-290","-3.86","705162071940"
"002355","넥센타이어1우B","KOSPI","화학","3545","-100","-2.74","23042500000"
"092790","넥스틸","KOSPI","금속","10380","-570","-5.21","269900760000"
"251270","넷마블","KOSPI","IT 서비스","52500","-1300","-2.42","4512558855000"
"090350","노루페인트","KOSPI","화학","8030","-280","-3.37","160600000000"
"090355","노루페인트우","KOSPI","화학","13120","-80","-0.61","6076213120"
"000320","노루홀딩스","KOSPI","기타금융","22300","-1100","-4.70","296392667300"
"000325","노루홀딩스우","KOSPI","기타금융","30900","-850","-2.68","7525973100"
"006280","녹십자","KOSPI","제약","134000","-4500","-3.25","1565996092000"
"005250","녹십자홀딩스","KOSPI","일반서비스","15750","-580","-3.55","740694307500"
"005257","녹십자홀딩스2우","KOSPI","일반서비스","25200","-350","-1.37","21318948000"
"004370","농심","KOSPI","음식료·담배","461000","-1000","-0.22","2804097962000"
"072710","농심홀딩스","KOSPI","기타금융","93200","-2800","-2.92","432242028000"
"058730","다스코","KOSPI","금속","2630","-70","-2.59","49435954830"
"030210","다올투자증권","KOSPI","증권","3445","-145","-4.04","209838760170"
"023590","다우기술","KOSPI","IT 서비스","35950","-2350","-6.14","1612954881150"
"145210","다이나믹디자인","KOSPI","기계·장비","828","-3","-0.36","31293193536"
"483650","달바글로벌","KOSPI","화학","131000","1000","0.77","1617052865000"
"019680","대교","KOSPI","일반서비스","1953","3","0.15","165424666050"
"019685","대교우B","KOSPI","일반서비스","1216","-2","-0.16","23623219840"
"006370","대구백화점","KOSPI","유통","5820","-170","-2.84","62981776020"
"008060","대덕","KOSPI","기타금융","10190","-80","-0.78","345340628500"
"00806K","대덕1우","KOSPI","기타금융","9220","-80","-0.86","11177931540"
"353200","대덕전자","KOSPI","전기·전자","50800","-400","-0.78","2510379790000"
"35320K","대덕전자1우","KOSPI","전기·전자","14600","180","1.25","30594577400"
"000490","대동","KOSPI","기계·장비","9040","-290","-3.11","238589628320"
"008110","대동전자","KOSPI","전기·전자","15040","0","0.00","157776322880"
"005750","대림바스","KOSPI","비금속","4860","5","0.10","81027086400"
"006570","대림통상","KOSPI","금속","2440","-105","-4.13","37149000000"
"001680","대상","KOSPI","음식료·담배","20600","-300","-1.44","713749315000"
"001685","대상우","KOSPI","음식료·담배","16720","-130","-0.77","22910128560"
"084690","대상홀딩스","KOSPI","기타금융","9190","-180","-1.92","332793224220"
"084695","대상홀딩스우","KOSPI","기타금융","13360","-60","-0.45","12204119520"
"128820","대성산업","KOSPI","유통","4320","-5","-0.12","195417264960"
"117580","대성에너지","KOSPI","전기·가스","8080","-170","-2.06","222200000000"
"016710","대성홀딩스","KOSPI","일반서비스","8400","-250","-2.89","135151455600"
"0030R0","대신밸류리츠","KOSPI","기타금융","4450","-20","-0.45","266021000000"
"003540","대신증권","KOSPI","증권","27400","-1700","-5.84","1391191160000"
"003547","대신증권2우B","KOSPI","증권","19940","-460","-2.25","199400000000"
"003545","대신증권우","KOSPI","증권","21100","-400","-1.86","548600000000"
"009190","대양금속","KOSPI","금속","1436","24","1.70","62024609500"
"014160","대영포장","KOSPI","종이·목재","1018","-17","-1.64","110345650882"
"047040","대우건설","KOSPI","건설","3395","-90","-2.58","1411038856010"
"003090","대웅","KOSPI","제약","24000","-650","-2.64","1395407520000"
"069620","대웅제약","KOSPI","제약","169400","-2900","-1.68","1962765805000"
"000430","대원강업","KOSPI","운송장비·부품","3665","-190","-4.93","227230000000"
"006340","대원전선","KOSPI","전기·전자","3375","-230","-6.38","257692293000"
"006345","대원전선우","KOSPI","전기·전자","3530","-145","-3.95","9252836000"
"003220","대원제약","KOSPI","제약","13000","-230","-1.74","291558579000"
"024890","대원화성","KOSPI","화학","790","2","0.25","32586830080"
"002880","대유에이텍","KOSPI","운송장비·부품","1067","11","1.04","49875869340"
"012800","대창","KOSPI","금속","1216","-24","-1.94","110826846784"
"015230","대창단조","KOSPI","운송장비·부품","6420","-400","-5.87","183433716600"
"001070","대한방직","KOSPI","섬유·의류","6170","-160","-2.53","32701000000"
"006650","대한유화","KOSPI","화학","142900","-6100","-4.09","928850000000"
"001440","대한전선","KOSPI","전기·전자","23650","-1100","-4.44","4409478645000"
"084010","대한제강","KOSPI","금속","15250","-380","-2.43","357069554250"
"001790","대한제당","KOSPI","음식료·담배","2815","0","0.00","252495872700"
"001795","대한제당우","KOSPI","음식료·담배","2450","-30","-1.21","15882762000"
"001130","대한제분","KOSPI","음식료·담배","140600","-2400","-1.68","237614000000"
"439260","대한조선","KOSPI","운송장비·부품","66500","400","0.61","2561999748000"
"003490","대한항공","KOSPI","운송·창고","21250","-350","-1.62","7824689046250"
"003495","대한항공우","KOSPI","운송·창고","23600","-350","-1.46","26214738400"
"005880","대한해운","KOSPI","운송·창고","1704","-48","-2.74","549961467360"
"003830","대한화섬","KOSPI","화학","116400","-400","-0.34","154579200000"
"016090","대현","KOSPI","섬유·의류","1670","-17","-1.01","73951457700"
"069460","대호에이엘","KOSPI","금속","1821","-46","-2.46","158558024592"
"475560","더본코리아","KOSPI","유통","25250","-400","-1.56","373110160000"
"192080","더블유게임즈","KOSPI","IT 서비스","51500","-900","-1.72","1107039159000"
"012510","더존비즈온","KOSPI","IT 서비스","92500","-2100","-2.22","2810407520000"
"004830","덕성","KOSPI","화학","4875","-120","-2.40","76440000000"
"004835","덕성우","KOSPI","화학","7200","-100","-1.37","10022400000"
"145720","덴티움","KOSPI","의료·정밀기기","50800","-3200","-5.93","562296564000"
"002150","도화엔지니어링","KOSPI","일반서비스","5940","-110","-1.82","200296800000"
"460850","동국씨엠","KOSPI","금속","5280","-90","-1.68","157864903680"
"460860","동국제강","KOSPI","금속","8260","-180","-2.13","409762220420"
"001230","동국홀딩스","KOSPI","기타금융","7320","-180","-2.40","232779535560"
"023450","동남합성","KOSPI","화학","30400","-100","-0.33","106400000000"
"004140","동방","KOSPI","운송·창고","2635","-90","-3.30","126405603410"
"007590","동방아그로","KOSPI","화학","6080","-10","-0.16","82794868160"
"005960","동부건설","KOSPI","건설","5620","-180","-3.10","128960246060"
"005965","동부건설우","KOSPI","건설","16650","-440","-2.57","3758437800"
"026960","동서","KOSPI","유통","28300","450","1.62","2821510000000"
"002210","동성제약","KOSPI","제약","973","0","0.00","25900780311"
"102260","동성케미컬","KOSPI","화학","4170","-80","-1.88","209237218470"
"000640","동아쏘시오홀딩스","KOSPI","기타금융","107200","-500","-0.46","700705724800"
"170900","동아에스티","KOSPI","제약","52600","-300","-0.57","491949127000"
"028100","동아지질","KOSPI","건설","15390","-230","-1.47","206064435780"
"001520","동양","KOSPI","비금속","820","-15","-1.80","195720931660"
"001527","동양2우B","KOSPI","비금속","8450","-70","-0.82","2607408050"
"084670","동양고속","KOSPI","운송·창고","7170","-60","-0.83","20761229730"
"082640","동양생명","KOSPI","보험","6220","-250","-3.86","1003650398700"
"001525","동양우","KOSPI","비금속","4725","-15","-0.32","2918778975"
"018500","동원금속","KOSPI","운송장비·부품","1296","-14","-1.07","60594393168"
"006040","동원산업","KOSPI","기타금융","44900","-700","-1.54","1982244571400"
"030720","동원수산","KOSPI","농업, 임업 및 어업","5850","-160","-2.66","27224759250"
"014820","동원시스템즈","KOSPI","화학","26500","-850","-3.11","768268973000"
"014825","동원시스템즈우","KOSPI","화학","17740","-350","-1.93","4685329140"
"111380","동인기연","KOSPI","섬유·의류","13010","-320","-2.40","79725280000"
"163560","동일고무벨트","KOSPI","화학","6370","-100","-1.55","88543000000"
"004890","동일산업","KOSPI","금속","38900","-200","-0.51","94340863500"
"002690","동일제강","KOSPI","금속","1606","-17","-1.05","32602378160"
"000020","동화약품","KOSPI","제약","6150","-200","-3.15","171778540500"
"000150","두산","KOSPI","기타금융","932000","-43000","-4.41","15400214220000"
"000157","두산2우B","KOSPI","기타금융","532000","-21000","-3.80","475096216000"
"454910","두산로보틱스","KOSPI","기계·장비","72000","-3700","-4.89","4667038560000"
"241560","두산밥캣","KOSPI","기계·장비","55200","-1500","-2.65","5291254788000"
"034020","두산에너빌리티","KOSPI","기계·장비","75400","-3400","-4.31","48298310408400"
"000155","두산우","KOSPI","기타금융","586000","-30000","-4.87","2341926732000"
"336260","두산퓨얼셀","KOSPI","전기·전자","32700","-1300","-3.82","2141644840200"
"33626K","두산퓨얼셀1우","KOSPI","전기·전자","7900","-500","-5.95","105577180000"
"33626L","두산퓨얼셀2우B","KOSPI","전기·전자","11120","-210","-1.85","33207656000"
"016740","두올","KOSPI","운송장비·부품","3530","-65","-1.81","101219304720"
"192650","드림텍","KOSPI","전기·전자","6880","-240","-3.37","473963482080"
"024090","디씨엠","KOSPI","금속","11640","-90","-0.77","132696000000"
"003160","디아이","KOSPI","의료·정밀기기","26050","-50","-0.19","737215000000"
"092200","디아이씨","KOSPI","운송장비·부품","6170","110","1.82","239942470730"
"377190","디앤디플랫폼리츠","KOSPI","부동산","3440","10","0.29","304096000000"
"013570","디와이","KOSPI","기타금융","4140","-100","-2.36","108963280620"
"024900","디와이덕양","KOSPI","운송장비·부품","2150","-60","-2.71","70014707000"
"210540","디와이파워","KOSPI","기계·장비","12620","70","0.56","139346354960"
"032350","롯데관광개발","KOSPI","일반서비스","20950","350","1.70","1666352189800"
"089860","롯데렌탈","KOSPI","일반서비스","32450","-100","-0.31","1178239640600"
"330590","롯데리츠","KOSPI","부동산","3945","25","0.64","1139982247380"
"000400","롯데손해보험","KOSPI","보험","1751","-55","-3.05","543398896320"
"023530","롯데쇼핑","KOSPI","유통","73000","-100","-0.14","2065079115000"
"020150","롯데에너지머티리얼즈","KOSPI","전기·전자","34900","-2650","-7.06","1827554658700"
"280360","롯데웰푸드","KOSPI","음식료·담배","123300","1200","0.98","1147253974200"
"286940","롯데이노베이트","KOSPI","IT 서비스","19290","-460","-2.33","291845489430"
"004000","롯데정밀화학","KOSPI","화학","47300","-800","-1.66","1220340000000"
"004990","롯데지주","KOSPI","기타금융","31500","-300","-0.94","3304640965500"
"00499K","롯데지주우","KOSPI","기타금융","31900","-50","-0.16","25698735700"
"005300","롯데칠성","KOSPI","음식료·담배","119000","-300","-0.25","1104187196000"
"005305","롯데칠성우","KOSPI","음식료·담배","68300","-400","-0.58","52953673000"
"011170","롯데케미칼","KOSPI","화학","80600","-3900","-4.62","3447698771400"
"071840","롯데하이마트","KOSPI","유통","7500","-130","-1.70","177057840000"
"027740","마니커","KOSPI","음식료·담배","776","-13","-1.65","49284712928"
"357430","마스턴프리미어리츠","KOSPI","부동산","1556","-6","-0.38","47466257692"
"001080","만호제강","KOSPI","금속","46700","-350","-0.74","193805000000"
"088980","맥쿼리인프라","KOSPI","기타금융","11400","40","0.35","5459710720200"
"094800","맵스리얼티","KOSPI","기타금융","5260","-60","-1.13","488308581060"
"138040","메리츠금융지주","KOSPI","기타금융","107900","-3000","-2.71","18906429306700"
"090370","메타랩스","KOSPI","섬유·의류","2040","167","8.92","50805565560"
"118000","메타케어","KOSPI","유통","317","-4","-1.25","54453424388"
"017180","명문제약","KOSPI","제약","1731","-25","-1.42","58773428874"
"009900","명신산업","KOSPI","운송장비·부품","8230","-320","-3.74","431829194590"
"317450","명인제약","KOSPI","제약","68000","-3600","-5.03","992800000000"
"012690","모나리자","KOSPI","종이·목재","2135","-85","-3.83","78079629425"
"005360","모나미","KOSPI","유통","1921","-24","-1.23","36301726747"
"070960","모나용평","KOSPI","일반서비스","3240","-110","-3.28","155951998920"
"009680","모토닉","KOSPI","운송장비·부품","10600","-150","-1.40","297330000000"
"009580","무림P&P","KOSPI","종이·목재","2470","-40","-1.59","154049760280"
"009200","무림페이퍼","KOSPI","종이·목재","1974","-36","-1.79","82136777940"
"033920","무학","KOSPI","음식료·담배","8140","-370","-4.35","231990000000"
"008420","문배철강","KOSPI","금속","1999","-41","-2.01","40986506495"
"025560","미래산업","KOSPI","의료·정밀기기","12040","-200","-1.63","53971154160"
"007120","미래아이앤지","KOSPI","IT 서비스","838","22","2.70","24200273504"
"396690","미래에셋글로벌리츠","KOSPI","부동산","2615","-25","-0.95","103569533100"
"357250","미래에셋맵스리츠","KOSPI","부동산","2725","-10","-0.37","68111661125"
"085620","미래에셋생명","KOSPI","보험","9330","-390","-4.01","1651561043370"
"006800","미래에셋증권","KOSPI","증권","21900","-1150","-4.99","12489929335200"
"00680K","미래에셋증권2우B","KOSPI","증권","9650","-450","-4.46","1326875000000"
"006805","미래에셋증권우","KOSPI","증권","10170","-520","-4.86","143150377500"
"081660","미스토홀딩스","KOSPI","유통","40800","-700","-1.69","2451910231200"
"002840","미원상사","KOSPI","화학","144200","-2500","-1.70","684950000000"
"268280","미원에스씨","KOSPI","화학","135300","-1600","-1.17","676500000000"
"107590","미원홀딩스","KOSPI","기타금융","67000","-100","-0.15","155440000000"
"134380","미원화학","KOSPI","화학","85000","-1400","-1.62","186937780000"
"003650","미창석유","KOSPI","화학","109900","-600","-0.54","191189952800"
"377740","바이오노트","KOSPI","제약","5450","-150","-2.68","556205461600"
"003610","방림","KOSPI","섬유·의류","4990","40","0.81","200608768420"
"035150","백산","KOSPI","화학","13020","-530","-3.91","267416048340"
"002410","범양건영","KOSPI","건설","1935","0","0.00","53173451700"
"007210","벽산","KOSPI","비금속","1695","-78","-4.40","113327700000"
"002760","보락","KOSPI","화학","1005","-18","-1.76","60199500000"
"003850","보령","KOSPI","제약","8490","-270","-3.08","728333387430"
"000890","보해양조","KOSPI","음식료·담배","440","-4","-0.90","61212856760"
"003000","부광약품","KOSPI","제약","3710","-140","-3.64","366045929410"
"001270","부국증권","KOSPI","증권","66900","-4400","-6.17","693745373400"
"001275","부국증권우","KOSPI","증권","29900","-150","-0.50","89700000000"
"026940","부국철강","KOSPI","금속","2030","-70","-3.33","40600000000"
"011390","부산산업","KOSPI","비금속","71300","-300","-0.42","75292800000"
"005030","부산주공","KOSPI","운송장비·부품","486","0","0.00","38288532168"
"006740","블루산업개발","KOSPI","종이·목재","907","0","0.00","51676858316"
"002070","비비안","KOSPI","섬유·의류","640","-17","-2.59","28925489280"
"100220","비상교육","KOSPI","오락·문화","5560","-10","-0.18","72261879960"
"090460","비에이치","KOSPI","전기·전자","15730","-510","-3.14","530282492740"
"005180","빙그레","KOSPI","음식료·담배","74400","-500","-0.67","710944303200"
"003960","사조대림","KOSPI","음식료·담배","36550","-750","-2.01","334961268850"
"008040","사조동아원","KOSPI","음식료·담배","1106","-24","-2.12","156105927600"
"007160","사조산업","KOSPI","음식료·담배","48900","-1800","-3.55","244500000000"
"014710","사조씨푸드","KOSPI","음식료·담배","8320","-200","-2.35","143258277760"
"006090","사조오양","KOSPI","음식료·담배","9580","50","0.52","90269839620"
"062040","산일전기","KOSPI","전기·전자","138300","-7000","-4.82","4210571160000"
"001470","삼부토건","KOSPI","건설","347","0","0.00","79699592928"
"028050","삼성E&A","KOSPI","일반서비스","25300","-1000","-3.80","4958800000000"
"448730","삼성FN리츠","KOSPI","부동산","4555","5","0.11","414732750000"
"006400","삼성SDI","KOSPI","전기·전자","301500","-15500","-4.89","24296537295000"
"006405","삼성SDI우","KOSPI","전기·전자","181800","-5200","-2.78","294133492800"
"006660","삼성공조","KOSPI","운송장비·부품","15100","-400","-2.58","122707341400"
"028260","삼성물산","KOSPI","유통","214500","-6000","-2.72","36459968688000"
"02826K","삼성물산우B","KOSPI","유통","137000","-3400","-2.42","201059830000"
"207940","삼성바이오로직스","KOSPI","제약","1221000","0","0.00","86903454000000"
"032830","삼성생명","KOSPI","보험","148700","-4900","-3.19","29740000000000"
"018260","삼성에스디에스","KOSPI","IT 서비스","163100","-5100","-3.03","12620319180000"
"009150","삼성전기","KOSPI","전기·전자","204000","-11500","-5.34","15237513984000"
"009155","삼성전기우","KOSPI","전기·전자","95100","-4700","-4.71","276454178400"
"005930","삼성전자","KOSPI","전기·전자","97800","-2800","-2.78","578940588771600"
"005935","삼성전자우","KOSPI","전기·전자","74100","-3400","-4.39","60463722602400"
"001360","삼성제약","KOSPI","제약","1396","-26","-1.83","131450262284"
"010140","삼성중공업","KOSPI","운송장비·부품","25300","-900","-3.44","22264000000000"
"016360","삼성증권","KOSPI","증권","77800","-2600","-3.23","6947540000000"
"068290","삼성출판사","KOSPI","오락·문화","14370","-4070","-22.07","143700000000"
"029780","삼성카드","KOSPI","기타금융","53000","-600","-1.12","6140521223000"
"000810","삼성화재","KOSPI","보험","464000","-12500","-2.62","21349175920000"
"000815","삼성화재우","KOSPI","보험","348500","-9500","-2.65","1080179235000"
"006110","삼아알미늄","KOSPI","금속","24100","-1050","-4.17","354557175600"
"145990","삼양사","KOSPI","음식료·담배","51200","-1500","-2.85","528048588800"
"145995","삼양사우","KOSPI","음식료·담배","36450","-450","-1.22","13489051500"
"003230","삼양식품","KOSPI","음식료·담배","1372000","-13000","-0.94","10335296580000"
"002170","삼양통상","KOSPI","섬유·의류","53800","-700","-1.28","161400000000"
"272550","삼양패키징","KOSPI","화학","13590","-120","-0.88","208347895890"
"000070","삼양홀딩스","KOSPI","기타금융","104600","0","0.00","898339213400"
"003720","삼영","KOSPI","화학","6380","-100","-1.54","216920000000"
"002810","삼영무역","KOSPI","유통","15300","-440","-2.80","282544304400"
"005680","삼영전자","KOSPI","전기·전자","10150","-220","-2.12","203000000000"
"023000","삼원강재","KOSPI","운송장비·부품","2390","0","0.00","95600000000"
"004380","삼익THK","KOSPI","기계·장비","9960","0","0.00","209160000000"
"002450","삼익악기","KOSPI","기타제조","1192","-8","-0.67","107912850680"
"004440","삼일씨엔에스","KOSPI","비금속","4355","-120","-2.68","55447629185"
"000520","삼일제약","KOSPI","제약","9820","-220","-2.19","213013584020"
"009770","삼정펄프","KOSPI","종이·목재","30050","-500","-1.64","75124128550"
"005500","삼진제약","KOSPI","제약","20050","0","0.00","278695000000"
"004690","삼천리","KOSPI","전기·가스","131000","-1800","-1.36","531208275000"
"010960","삼호개발","KOSPI","건설","3470","-60","-1.70","83696400000"
"004450","삼화왕관","KOSPI","금속","31950","-700","-2.14","68832409050"
"009470","삼화전기","KOSPI","전기·전자","29500","-1650","-5.30","195107690000"
"011230","삼화전자","KOSPI","전기·전자","2730","-150","-5.21","46144371000"
"001820","삼화콘덴서","KOSPI","전기·전자","28850","-950","-3.19","299895750000"
"000390","삼화페인트","KOSPI","화학","5650","-130","-2.25","153699599850"
"001290","상상인증권","KOSPI","증권","673","-26","-3.72","72910881760"
"041650","상신브레이크","KOSPI","운송장비·부품","2620","-40","-1.50","56255199000"
"075180","새론오토모티브","KOSPI","운송장비·부품","3145","-40","-1.26","60384000000"
"007540","샘표","KOSPI","기타금융","49750","-1450","-2.83","143071050000"
"248170","샘표식품","KOSPI","음식료·담배","28800","-550","-1.87","131566636800"
"007860","서연","KOSPI","기타금융","9060","-280","-3.00","212727386640"
"200880","서연이화","KOSPI","운송장비·부품","11850","-510","-4.13","320286978450"
"017390","서울가스","KOSPI","전기·가스","65400","-600","-0.91","327000000000"
"031210","서울보증보험","KOSPI","보험","50300","-2300","-4.37","3512026379400"
"004410","서울식품","KOSPI","음식료·담배","146","-2","-1.35","56965569856"
"004415","서울식품우","KOSPI","음식료·담배","1209","0","0.00","2689420500"
"021050","서원","KOSPI","금속","1049","-45","-4.11","49800844910"
"008490","서흥","KOSPI","화학","23600","-1700","-6.72","273031066800"
"007610","선도전기","KOSPI","전기·전자","3000","0","0.00","54000000000"
"136490","선진","KOSPI","음식료·담배","9730","-570","-5.53","231375546920"
"014910","성문전자","KOSPI","전기·전자","1051","-39","-3.58","23606495235"
"014915","성문전자우","KOSPI","전기·전자","4320","60","1.41","2592000000"
"004980","성신양회","KOSPI","비금속","9640","-270","-2.72","236334943720"
"004985","성신양회우","KOSPI","비금속","10760","-240","-2.18","7915540200"
"011300","성안머티리얼스","KOSPI","섬유·의류","377","-15","-3.83","58667863475"
"000180","성창기업지주","KOSPI","일반서비스","1394","-41","-2.86","97233730400"
"002420","세기상사","KOSPI","유통","5050","65","1.30","30148237400"
"004360","세방","KOSPI","운송·창고","13290","-330","-2.42","254046363870"
"004365","세방우","KOSPI","운송·창고","8800","0","0.00","32465400000"
"004490","세방전지","KOSPI","전기·전자","58100","-900","-1.53","813400000000"
"001430","세아베스틸지주","KOSPI","금속","26750","-1300","-4.63","959311683250"
"306200","세아제강","KOSPI","금속","121300","-3100","-2.49","344043190000"
"003030","세아제강지주","KOSPI","기타금융","135900","-5200","-3.69","562851186300"
"019440","세아특수강","KOSPI","금속","15460","-350","-2.21","132492200000"
"058650","세아홀딩스","KOSPI","금속","113200","-2200","-1.91","452800000000"
"013000","세우글로벌","KOSPI","유통","1170","-8","-0.68","33584886270"
"021820","세원정공","KOSPI","운송장비·부품","12630","130","1.04","126300000000"
"067830","세이브존I&C","KOSPI","유통","2340","-25","-1.06","96035694300"
"075580","세진중공업","KOSPI","운송장비·부품","19560","-1040","-5.05","1111975359360"
"068270","셀트리온","KOSPI","제약","183800","-6100","-3.21","42450626102200"
"336370","솔루스첨단소재","KOSPI","전기·전자","9520","-630","-6.21","668469114880"
"33637K","솔루스첨단소재1우","KOSPI","전기·전자","2100","-120","-5.41","35508408600"
"33637L","솔루스첨단소재2우B","KOSPI","전기·전자","3825","-130","-3.29","14451982200"
"248070","솔루엠","KOSPI","전기·전자","18040","-770","-4.09","862604897440"
"004430","송원산업","KOSPI","화학","9200","-350","-3.66","220800000000"
"017550","수산세보틱스","KOSPI","기계·장비","1672","-25","-1.47","104331345360"
"126720","수산인더스트리","KOSPI","건설","20050","-650","-3.14","286434300000"
"053210","스카이라이프","KOSPI","오락·문화","5180","-80","-1.52","246168906900"
"204210","스타에스엠리츠","KOSPI","부동산","2035","0","0.00","15927568525"
"026890","스틱인베스트먼트","KOSPI","기타금융","10280","-460","-4.28","428451639000"
"134790","시디즈","KOSPI","기타제조","22000","-150","-0.68","44000000000"
"462870","시프트업","KOSPI","IT 서비스","35650","-1800","-4.81","2101975336000"
"016590","신대양제지","KOSPI","종이·목재","13860","360","2.67","558527785200"
"029530","신도리코","KOSPI","전기·전자","44850","-150","-0.33","452089300650"
"004970","신라교역","KOSPI","농업, 임업 및 어업","9090","-170","-1.84","145440000000"
"011930","신성이엔지","KOSPI","전기·전자","1540","-86","-5.29","317006152540"
"004170","신세계","KOSPI","유통","222000","0","0.00","2141230182000"
"035510","신세계 I&C","KOSPI","IT 서비스","16720","170","1.03","233760648000"
"031430","신세계인터내셔날","KOSPI","유통","10200","-230","-2.21","360498600000"
"031440","신세계푸드","KOSPI","일반서비스","39750","-1150","-2.81","153931080000"
"006880","신송홀딩스","KOSPI","유통","6580","-150","-2.23","77833885640"
"005800","신영와코루","KOSPI","섬유·의류","13820","20","0.14","124380000000"
"001720","신영증권","KOSPI","증권","143400","-10500","-6.82","2357496000000"
"009270","신원","KOSPI","섬유·의류","1391","-32","-2.25","153880532312"
"002700","신일전자","KOSPI","유통","1289","-14","-1.07","91580254569"
"002870","신풍","KOSPI","유통","1110","-40","-3.48","38804157000"
"019170","신풍제약","KOSPI","제약","13980","-610","-4.18","740730160200"
"019175","신풍제약우","KOSPI","제약","26000","-750","-2.80","57200000000"
"481850","신한글로벌액티브리츠","KOSPI","기타금융","1366","-7","-0.51","59390489024"
"404990","신한서부티엔디리츠","KOSPI","부동산","3530","20","0.57","203345854740"
"293940","신한알파리츠","KOSPI","부동산","5530","0","0.00","668798880190"
"055550","신한지주","KOSPI","기타금융","76400","-1800","-2.30","37091812957600"
"004080","신흥","KOSPI","유통","13360","-40","-0.30","126920000000"
"102280","쌍방울","KOSPI","섬유·의류","2690","0","0.00","70637274900"
"004770","써니전자","KOSPI","전기·전자","1554","-17","-1.08","55178558652"
"403550","쏘카","KOSPI","일반서비스","11300","-280","-2.42","371113492600"
"004920","씨아이테크","KOSPI","전기·전자","1147","-27","-2.30","57747654577"
"112610","씨에스윈드","KOSPI","금속","41400","-1100","-2.59","1745896084200"
"480370","씨케이솔루션","KOSPI","건설","8000","-280","-3.38","87478888000"
"308170","씨티알모빌리티","KOSPI","운송장비·부품","4810","-135","-2.73","41414100000"
"008700","아남전자","KOSPI","전기·전자","1239","-59","-4.55","95557651980"
"090430","아모레퍼시픽","KOSPI","화학","123600","-3600","-2.83","7229705012400"
"090435","아모레퍼시픽우","KOSPI","화학","44350","-950","-2.10","468239760500"
"002790","아모레퍼시픽홀딩스","KOSPI","화학","26950","-700","-2.53","2141397951000"
"00279K","아모레퍼시픽홀딩스3우C","KOSPI","화학","21150","-450","-2.08","150000030000"
"002795","아모레퍼시픽홀딩스우","KOSPI","화학","11980","-200","-1.64","77196364600"
"002030","아세아","KOSPI","일반서비스","377500","500","0.13","786762850000"
"183190","아세아시멘트","KOSPI","비금속","11800","-310","-2.56","440691886000"
"002310","아세아제지","KOSPI","종이·목재","7050","-20","-0.28","293509195500"
"012170","아센디오","KOSPI","오락·문화","1800","29","1.64","19572737400"
"267850","아시아나IDT","KOSPI","IT 서비스","11000","-170","-1.52","122100000000"
"020560","아시아나항공","KOSPI","운송·창고","8430","-70","-0.82","1736501693730"
"122900","아이마켓코리아","KOSPI","유통","7820","-60","-0.76","261413528800"
"010780","아이에스동서","KOSPI","비금속","17800","-430","-2.36","537328172800"
"031820","아이티센씨티에스","KOSPI","IT 서비스","568","-14","-2.41","68757232688"
"139990","아주스틸","KOSPI","금속","3325","-105","-3.06","128861751550"
"009320","아진전자부품","KOSPI","운송장비·부품","968","-8","-0.82","47722177360"
"001780","알루코","KOSPI","금속","1942","-56","-2.80","188044116344"
"018250","애경산업","KOSPI","화학","13420","-380","-2.75","354421327700"
"161000","애경케미칼","KOSPI","화학","10170","-570","-5.31","494757370530"
"011090","에넥스","KOSPI","기타제조","499","-5","-0.99","29935828859"
"137310","에스디바이오센서","KOSPI","의료·정밀기기","9060","-440","-4.63","1103046864120"
"005850","에스엘","KOSPI","운송장비·부품","34450","-350","-1.01","1600151514000"
"010580","에스엠벡셀","KOSPI","운송장비·부품","2075","-75","-3.49","230847402000"
"012750","에스원","KOSPI","일반서비스","72600","-2600","-3.46","2758740322800"
"023960","에쓰씨엔지니어링","KOSPI","건설","1169","-14","-1.18","44464054775"
"298690","에어부산","KOSPI","운송·창고","1696","-23","-1.34","197821440000"
"140910","에이리츠","KOSPI","부동산","3130","0","0.00","13969290160"
"078520","에이블씨엔씨","KOSPI","화학","8840","-170","-1.89","229965183240"
"015260","에이엔피","KOSPI","전기·전자","472","-15","-3.08","21295173968"
"007460","에이프로젠","KOSPI","금속","721","-29","-3.87","237428926630"
"003060","에이프로젠바이오로직스","KOSPI","제약","577","-36","-5.87","114481326565"
"244920","에이플러스에셋","KOSPI","기타금융","7670","1770","30.00","173401005310"
"278470","에이피알","KOSPI","화학","215000","-3500","-1.60","8047590825000"
"450080","에코프로머티","KOSPI","전기·전자","58300","-3500","-5.66","4077060319200"
"019490","엑시큐어하이트론","KOSPI","전기·전자","592","-4","-0.67","45247903840"
"036570","엔씨소프트","KOSPI","IT 서비스","224500","-2500","-1.10","4836632939000"
"085310","엔케이","KOSPI","금속","1534","-46","-2.91","121002413948"
"900140","엘브이엠씨홀딩스","KOSPI","유통","1559","-35","-2.20","301261833488"
"066970","엘앤에프","KOSPI","전기·전자","125400","-1800","-1.42","4900011771600"
"097520","엠씨넥스","KOSPI","전기·전자","25000","-1200","-4.58","449512050000"
"484870","엠앤씨솔루션","KOSPI","기계·장비","153300","-7500","-4.66","1403292870000"
"014440","영보화학","KOSPI","화학","4500","-40","-0.88","90000000000"
"111770","영원무역","KOSPI","유통","82600","5600","7.27","3660127256800"
"009970","영원무역홀딩스","KOSPI","기타금융","168700","3400","2.06","2277321281900"
"003520","영진약품","KOSPI","제약","1982","-58","-2.84","362493392842"
"000670","영풍","KOSPI","금속","57700","100","0.17","1102557565000"
"012280","영화금속","KOSPI","운송장비·부품","902","0","0.00","46601383510"
"012160","영흥","KOSPI","금속","549","-3","-0.54","55619394228"
"007310","오뚜기","KOSPI","음식료·담배","384500","-5500","-1.41","1541010635000"
"002630","오리엔트바이오","KOSPI","제약","604","-26","-4.13","71624135020"
"271560","오리온","KOSPI","음식료·담배","104900","-500","-0.47","4147340246800"
"001800","오리온홀딩스","KOSPI","기타금융","19530","-300","-1.51","1223465091660"
"005320","온타이드","KOSPI","유통","458","-11","-2.35","31316066020"
"011690","와이투솔루션","KOSPI","전기·전자","2615","-100","-3.68","95642040310"
"316140","우리금융지주","KOSPI","기타금융","25700","-800","-3.02","18865761424000"
"006980","우성","KOSPI","음식료·담배","16830","200","1.20","52004700000"
"017370","우신시스템","KOSPI","기계·장비","6070","-190","-3.04","111166307780"
"105840","우진","KOSPI","의료·정밀기기","14190","-750","-5.02","286604937300"
"010400","우진아이엔에스","KOSPI","건설","3470","-20","-0.57","26448340000"
"049800","우진플라임","KOSPI","기계·장비","1952","-43","-2.16","39040000000"
"016880","웅진","KOSPI","일반서비스","3135","65","2.12","250571395800"
"095720","웅진씽크빅","KOSPI","일반서비스","1395","-28","-1.97","161130849075"
"005820","원림","KOSPI","섬유·의류","14690","230","1.59","33757179300"
"010600","웰바이오텍","KOSPI","유통","545","0","0.00","49553256815"
"008600","윌비스","KOSPI","유통","320","3","0.95","21515532480"
"033270","유나이티드제약","KOSPI","제약","19220","-560","-2.83","313936058840"
"014830","유니드","KOSPI","화학","65700","-1100","-1.65","444631320000"
"446070","유니드비티플러스","KOSPI","종이·목재","3390","-55","-1.60","35972018850"
"000910","유니온","KOSPI","비금속","4180","-30","-0.71","65256567420"
"047400","유니온머티리얼","KOSPI","비금속","1383","-22","-1.57","58086000000"
"011330","유니켐","KOSPI","섬유·의류","1311","86","7.02","122072451378"
"077500","유니퀘스트","KOSPI","유통","6000","-270","-4.31","129600612000"
"002920","유성기업","KOSPI","운송장비·부품","1970","-40","-1.99","51116575000"
"000700","유수홀딩스","KOSPI","일반서비스","5470","-120","-2.15","142448711640"
"003470","유안타증권","KOSPI","증권","3695","-135","-3.52","737509348320"
"003475","유안타증권우","KOSPI","증권","3745","-95","-2.47","48356233940"
"072130","유엔젤","KOSPI","IT 서비스","4760","-80","-1.65","61382361040"
"000220","유유제약","KOSPI","제약","4145","-100","-2.36","70599094895"
"000225","유유제약1우","KOSPI","제약","4795","-60","-1.24","10869929350"
"000227","유유제약2우B","KOSPI","제약","10640","-100","-0.93","3463958400"
"001200","유진투자증권","KOSPI","증권","3520","-160","-4.35","340969791360"
"000100","유한양행","KOSPI","제약","119900","-3100","-2.52","9588215596300"
"000105","유한양행우","KOSPI","제약","108700","-3200","-2.86","128368178000"
"003460","유화증권","KOSPI","증권","2720","-55","-1.98","154230568800"
"003465","유화증권우","KOSPI","증권","2695","-10","-0.37","47098965375"
"008730","율촌화학","KOSPI","화학","30300","-250","-0.82","751440000000"
"008250","이건산업","KOSPI","종이·목재","4470","-125","-2.72","48958278450"
"025820","이구산업","KOSPI","금속","4635","-210","-4.33","155003670000"
"214320","이노션","KOSPI","일반서비스","17650","-250","-1.40","706000000000"
"088260","이리츠코크렙","KOSPI","부동산","4740","10","0.21","300239136600"
"139480","이마트","KOSPI","유통","79900","400","0.50","2204905938100"
"457190","이수스페셜티케미컬","KOSPI","화학","51800","-1100","-2.08","1564788904000"
"007660","이수페타시스","KOSPI","전기·전자","123700","-7800","-5.93","9080720390300"
"005950","이수화학","KOSPI","화학","10200","-1220","-10.68","268200523800"
"015020","이스타코","KOSPI","부동산","524","-16","-2.96","22454238400"
"074610","이엔플러스","KOSPI","기계·장비","511","0","0.00","37494486519"
"102460","이연제약","KOSPI","제약","10780","-300","-2.71","200365822580"
"084680","이월드","KOSPI","기타제조","1343","-42","-3.03","190445717199"
"350520","이지스레지던스리츠","KOSPI","부동산","3985","15","0.38","146911814970"
"334890","이지스밸류플러스리츠","KOSPI","부동산","4275","-15","-0.35","296893119825"
"000760","이화산업","KOSPI","유통","12150","20","0.16","34020000000"
"014990","인디에프","KOSPI","섬유·의류","845","-16","-1.86","63470480775"
"101140","인바이오젠","KOSPI","유통","13090","-610","-4.45","131478787440"
"006490","인스코비","KOSPI","통신","750","-20","-2.60","94414587750"
"023800","인지컨트롤스","KOSPI","운송장비·부품","5810","-290","-4.75","91851434570"
"034590","인천도시가스","KOSPI","전기·가스","26150","-50","-0.19","114399817100"
"129260","인터지스","KOSPI","운송·창고","2510","-65","-2.52","74667163740"
"023810","인팩","KOSPI","운송장비·부품","5890","-80","-1.34","58900000000"
"249420","일동제약","KOSPI","제약","29600","-1050","-3.43","936492259200"
"000230","일동홀딩스","KOSPI","제약","14360","-480","-3.23","165720144000"
"013360","일성건설","KOSPI","건설","1213","-29","-2.33","65532179440"
"003120","일성아이에스","KOSPI","제약","22750","-250","-1.09","302575000000"
"003200","일신방직","KOSPI","섬유·의류","11540","-530","-4.39","264958400000"
"007110","일신석재","KOSPI","유통","1556","-60","-3.71","120522485160"
"007570","일양약품","KOSPI","제약","13050","0","0.00","249067915200"
"007575","일양약품우","KOSPI","제약","12980","0","0.00","5777138400"
"008500","일정실업","KOSPI","섬유·의류","18900","-100","-0.53","22680000000"
"081000","일진다이아","KOSPI","화학","12300","-500","-3.91","174696592500"
"020760","일진디스플","KOSPI","전기·전자","902","0","0.00","46465394382"
"103590","일진전기","KOSPI","전기·전자","55200","-3200","-5.48","2632233528000"
"271940","일진하이솔루스","KOSPI","운송장비·부품","14950","-350","-2.29","542882190500"
"015860","일진홀딩스","KOSPI","기타금융","8000","20","0.25","394779864000"
"226320","잇츠한불","KOSPI","화학","11100","-120","-1.07","243415396500"
"317400","자이에스앤디","KOSPI","부동산","3720","80","2.20","144270974400"
"033240","자화전자","KOSPI","전기·전자","18100","-850","-4.49","393795111600"
"000950","전방","KOSPI","섬유·의류","36000","-700","-1.91","60480000000"
"079900","전진건설로봇","KOSPI","기계·장비","41600","-1250","-2.92","607049872000"
"348950","제이알글로벌리츠","KOSPI","부동산","2915","-10","-0.34","575351040000"
"194370","제이에스코퍼레이션","KOSPI","섬유·의류","10510","-220","-2.05","304966126580"
"025620","제이준코스메틱","KOSPI","화학","13460","450","3.46","114134070000"
"030000","제일기획","KOSPI","일반서비스","21700","-450","-2.03","2496394582500"
"271980","제일약품","KOSPI","제약","14200","-220","-1.53","208809182400"
"001560","제일연마","KOSPI","비금속","9420","-180","-1.88","92316000000"
"002620","제일파마홀딩스","KOSPI","일반서비스","7840","-160","-2.00","125231103200"
"006220","제주은행","KOSPI","은행","12100","-460","-3.66","457362539700"
"089590","제주항공","KOSPI","운송·창고","5310","-150","-2.75","428203630350"
"004910","조광페인트","KOSPI","화학","4970","-60","-1.19","63616000000"
"004700","조광피혁","KOSPI","섬유·의류","69300","-300","-0.43","460785263400"
"001550","조비","KOSPI","화학","10920","-90","-0.82","56699249880"
"462520","조선내화","KOSPI","비금속","14090","-210","-1.47","167039317120"
"120030","조선선재","KOSPI","금속","95200","-2400","-2.46","119728375200"
"018470","조일알미늄","KOSPI","금속","1253","-33","-2.57","158669546413"
"002600","조흥","KOSPI","음식료·담배","147800","-2600","-1.73","88680000000"
"185750","종근당","KOSPI","제약","85000","-1000","-1.16","1173236300000"
"063160","종근당바이오","KOSPI","제약","21050","-450","-2.09","115479500100"
"001630","종근당홀딩스","KOSPI","제약","47700","-1450","-2.95","238970369700"
"109070","주성코퍼레이션","KOSPI","전기·전자","846","-1","-0.12","44677454580"
"044380","주연테크","KOSPI","전기·전자","465","-19","-3.93","29983935630"
"013890","지누스","KOSPI","기타제조","12280","-440","-3.46","273286193280"
"013870","지엠비코리아","KOSPI","운송장비·부품","3795","-100","-2.57","72379302600"
"071320","지역난방공사","KOSPI","전기·가스","104100","-900","-0.86","1205347250400"
"088790","진도","KOSPI","유통","2030","-40","-1.93","25268920320"
"003780","진양산업","KOSPI","화학","6740","-90","-1.32","87620000000"
"010640","진양폴리","KOSPI","화학","4460","-35","-0.78","44600000000"
"100250","진양홀딩스","KOSPI","화학","3225","-50","-1.53","180262316700"
"051630","진양화학","KOSPI","화학","2670","-55","-2.02","56604000000"
"272450","진에어","KOSPI","운송·창고","6570","-280","-4.09","342954000000"
"011000","진원생명과학","KOSPI","제약","2120","-75","-3.42","181069064320"
"002780","진흥기업","KOSPI","건설","644","-7","-1.08","93683803780"
"002787","진흥기업2우B","KOSPI","건설","8200","50","0.61","2417425600"
"002785","진흥기업우B","KOSPI","건설","3635","-40","-1.09","3115987430"
"009310","참엔지니어링","KOSPI","기계·장비","1124","-23","-2.01","19078194892"
"000650","천일고속","KOSPI","운송·창고","37850","750","2.02","54095977000"
"033250","체시스","KOSPI","운송장비·부품","1041","1","0.10","33312000000"
"035720","카카오","KOSPI","IT 서비스","57500","-3200","-5.27","25437089085000"
"323410","카카오뱅크","KOSPI","은행","21150","-550","-2.53","10088347742550"
"377300","카카오페이","KOSPI","기타금융","50400","-1100","-2.14","6811041988800"
"006380","카프로","KOSPI","화학","3660","0","0.00","618539985360"
"001620","케이비아이동국실업","KOSPI","운송장비·부품","470","-1","-0.21","52307724570"
"029460","케이씨","KOSPI","의료·정밀기기","26250","-150","-0.57","347320653750"
"281820","케이씨텍","KOSPI","의료·정밀기기","43250","-1900","-4.21","894856469750"
"381970","케이카","KOSPI","유통","15300","-420","-2.67","746958974400"
"145270","케이탑리츠","KOSPI","부동산","958","-1","-0.10","46042221492"
"417310","코람코더원리츠","KOSPI","부동산","6630","-20","-0.30","267852000000"
"357120","코람코라이프인프라리츠","KOSPI","부동산","4490","-15","-0.33","437035739460"
"007815","코리아써우","KOSPI","전기·전자","10310","-1140","-9.96","30565953900"
"007810","코리아써키트","KOSPI","전기·전자","30900","-1250","-3.89","729881205900"
"00781K","코리아써키트2우B","KOSPI","전기·전자","8520","-2160","-20.22","6677115480"
"003690","코리안리","KOSPI","보험","11250","-360","-3.10","2191736598750"
"192820","코스맥스","KOSPI","화학","155800","-3000","-1.89","1768253502200"
"044820","코스맥스비티아이","KOSPI","기타금융","13210","-440","-3.22","126867796410"
"005070","코스모신소재","KOSPI","화학","49650","-2550","-4.89","1614159035400"
"005420","코스모화학","KOSPI","화학","17390","-690","-3.82","667919084920"
"071950","코아스","KOSPI","기타제조","5290","-880","-14.26","17407908800"
"002020","코오롱","KOSPI","기타금융","49200","500","1.03","621220159200"
"138490","코오롱ENP","KOSPI","화학","7810","-340","-4.17","296780000000"
"003070","코오롱글로벌","KOSPI","건설","8920","-150","-1.65","168879799960"
"003075","코오롱글로벌우","KOSPI","건설","15630","-50","-0.32","11577719310"
"450140","코오롱모빌리티그룹","KOSPI","유통","9900","190","1.96","621494775000"
"45014K","코오롱모빌리티그룹우","KOSPI","유통","20150","-1400","-6.50","49490818000"
"002025","코오롱우","KOSPI","기타금융","24400","200","0.83","26263916000"
"120110","코오롱인더","KOSPI","화학","43950","-2050","-4.46","1209464049450"
"120115","코오롱인더우","KOSPI","화학","24450","-600","-2.40","67674177000"
"021240","코웨이","KOSPI","일반서비스","86900","-1400","-1.59","6248903657700"
"036420","콘텐트리중앙","KOSPI","오락·문화","9330","50","0.54","179717333640"
"024720","콜마홀딩스","KOSPI","기타금융","10190","-290","-2.77","349478879210"
"192400","쿠쿠홀딩스","KOSPI","기타금융","27500","-800","-2.83","977960087500"
"284740","쿠쿠홈시스","KOSPI","일반서비스","23900","-800","-3.24","536252187000"
"264900","크라운제과","KOSPI","음식료·담배","8990","-210","-2.28","112589411500"
"26490K","크라운제과우","KOSPI","음식료·담배","9390","-50","-0.53","7263728400"
"005740","크라운해태홀딩스","KOSPI","기타금융","6610","-180","-2.65","98140963670"
"005745","크라운해태홀딩스우","KOSPI","기타금융","7830","-230","-2.85","4703684580"
"259960","크래프톤","KOSPI","IT 서비스","254000","-13000","-4.87","12038039424000"
"020120","키다리스튜디오","KOSPI","IT 서비스","3485","-160","-4.39","129167224510"
"039490","키움증권","KOSPI","증권","274000","-19500","-6.64","7254212746000"
"014580","태경비케이","KOSPI","비금속","4695","-60","-1.26","129502654500"
"015890","태경산업","KOSPI","화학","5060","-30","-0.59","147897475000"
"006890","태경케미컬","KOSPI","화학","8170","-60","-0.73","94772000000"
"003240","태광산업","KOSPI","화학","798000","-7000","-0.87","888493200000"
"011280","태림포장","KOSPI","종이·목재","1740","-32","-1.81","123202335600"
"004100","태양금속","KOSPI","운송장비·부품","2290","-5","-0.22","84043000000"
"004105","태양금속우","KOSPI","운송장비·부품","3290","0","0.00","10857000000"
"009410","태영건설","KOSPI","건설","1546","-58","-3.62","460030436126"
"009415","태영건설우","KOSPI","건설","4705","-80","-1.67","3058127670"
"001420","태원물산","KOSPI","운송장비·부품","3375","-15","-0.44","25650000000"
"055490","테이팩스","KOSPI","화학","15060","-650","-4.14","71830929000"
"078000","텔코웨어","KOSPI","IT 서비스","16030","-130","-0.80","148118434310"
"214420","토니모리","KOSPI","화학","8340","-350","-4.03","200617023660"
"019180","티에이치엔","KOSPI","전기·전자","7050","320","4.75","126900000000"
"363280","티와이홀딩스","KOSPI","기타금융","2525","-95","-3.63","127333901700"
"36328K","티와이홀딩스우","KOSPI","기타금융","4495","-35","-0.77","5587347930"
"091810","티웨이항공","KOSPI","운송·창고","1612","-17","-1.04","438734533900"
"004870","티웨이홀딩스","KOSPI","비금속","465","-7","-1.48","52621024710"
"034230","파라다이스","KOSPI","오락·문화","16100","450","2.88","1487729499900"
"005690","파미셀","KOSPI","제약","18720","-550","-2.85","1123517566080"
"036580","팜스코","KOSPI","음식료·담배","2400","-85","-3.42","88147063200"
"004720","팜젠사이언스","KOSPI","제약","3950","-80","-1.99","74332130950"
"028670","팬오션","KOSPI","운송·창고","3685","-25","-0.67","1969888651720"
"010820","퍼스텍","KOSPI","금속","3915","-115","-2.85","190942137270"
"016800","퍼시스","KOSPI","기타제조","45450","-100","-0.22","522675000000"
"001020","페이퍼코리아","KOSPI","종이·목재","646","0","0.00","114977220198"
"090080","평화산업","KOSPI","운송장비·부품","915","-15","-1.61","50235566985"
"010770","평화홀딩스","KOSPI","운송장비·부품","3580","-50","-1.38","52359168280"
"022100","포스코DX","KOSPI","일반서비스","25050","-800","-3.09","3808469961450"
"058430","포스코스틸리온","KOSPI","금속","37000","-450","-1.20","222000000000"
"047050","포스코인터내셔널","KOSPI","유통","52000","-1400","-2.62","9147984976000"
"003670","포스코퓨처엠","KOSPI","전기·전자","200000","-9000","-4.31","17789244000000"
"017810","풀무원","KOSPI","음식료·담배","13660","-140","-1.01","520726603720"
"103140","풍산","KOSPI","금속","98400","-4700","-4.56","2757588955200"
"005810","풍산홀딩스","KOSPI","기타금융","36500","-1350","-3.57","526231158000"
"950210","프레스티지바이오파마","KOSPI","일반서비스","11840","-300","-2.47","711538475200"
"009810","플레이그램","KOSPI","유통","274","-8","-2.84","41617175000"
"086790","하나금융지주","KOSPI","기타금융","91000","-2100","-2.26","25327649074000"
"293480","하나제약","KOSPI","제약","11420","-160","-1.38","202967043320"
"039130","하나투어","KOSPI","일반서비스","46450","-50","-0.11","719507341400"
"352820","하이브","KOSPI","오락·문화","294000","-500","-0.17","12438499668000"
"071090","하이스틸","KOSPI","금속","3650","-200","-5.19","73698869150"
"000080","하이트진로","KOSPI","음식료·담배","18660","-210","-1.11","1308693181260"
"000087","하이트진로2우B","KOSPI","음식료·담배","15240","-20","-0.13","17223303120"
"000140","하이트진로홀딩스","KOSPI","기타금융","10030","0","0.00","232763852950"
"000145","하이트진로홀딩스우","KOSPI","기타금융","12360","-10","-0.08","5819211600"
"152550","한국ANKOR유전","KOSPI","기타금융","226","-2","-0.88","15824520000"
"036460","한국가스공사","KOSPI","전기·가스","40350","-1400","-3.35","3724829550000"
"005430","한국공항","KOSPI","운송·창고","57300","-2600","-4.34","181432141500"
"071050","한국금융지주","KOSPI","기타금융","156000","-9200","-5.57","8693254752000"
"071055","한국금융지주우","KOSPI","기타금융","121500","-3700","-2.96","711777496500"
"010040","한국내화","KOSPI","비금속","2080","-15","-0.72","85419488960"
"025540","한국단자","KOSPI","전기·전자","59200","-1400","-2.31","598808000000"
"010100","한국무브넥스","KOSPI","운송장비·부품","3680","-35","-0.94","112057545600"
"004090","한국석유","KOSPI","비금속","13980","-170","-1.20","177463797600"
"002200","한국수출포장","KOSPI","종이·목재","3115","-15","-0.48","124600000000"
"002960","한국쉘석유","KOSPI","화학","452000","-4500","-0.99","587600000000"
"000240","한국앤컴퍼니","KOSPI","기타금융","25650","-1350","-5.00","2435088906000"
"123890","한국자산신탁","KOSPI","기타금융","2340","-45","-1.89","286354986840"
"015760","한국전력","KOSPI","전기·가스","49500","200","0.41","31777221811500"
"006200","한국전자홀딩스","KOSPI","기타금융","663","-14","-2.07","31030479168"
"027970","한국제지","KOSPI","종이·목재","762","-12","-1.55","144915816594"
"023350","한국종합기술","KOSPI","일반서비스","4360","-140","-3.11","47742000000"
"025890","한국주강","KOSPI","기계·장비","1707","-7","-0.41","19304905113"
"000970","한국주철관","KOSPI","금속","7100","-70","-0.98","161883550000"
"104700","한국철강","KOSPI","금속","10020","-150","-1.47","365229000000"
"017960","한국카본","KOSPI","금속","27400","-800","-2.84","1422291584800"
"161890","한국콜마","KOSPI","화학","63700","-1700","-2.60","1503643404900"
"161390","한국타이어앤테크놀로지","KOSPI","화학","57300","-1900","-3.21","7098041453700"
"034830","한국토지신탁","KOSPI","기타금융","1311","-24","-1.80","331013380530"
"007280","한국특강","KOSPI","금속","1538","-61","-3.81","93530872318"
"047810","한국항공우주","KOSPI","운송장비·부품","112500","1300","1.17","10965949537500"
"123690","한국화장품","KOSPI","유통","9680","-320","-3.20","155538240000"
"003350","한국화장품제조","KOSPI","화학","50600","-2000","-3.80","229319200000"
"011500","한농화성","KOSPI","화학","15660","-40","-0.25","244876077720"
"002390","한독","KOSPI","제약","11560","-290","-2.45","159106441480"
"053690","한미글로벌","KOSPI","일반서비스","17270","-510","-2.87","189236888500"
"042700","한미반도체","KOSPI","기계·장비","121700","-10600","-8.01","11599494740000"
"008930","한미사이언스","KOSPI","기타금융","38550","-1900","-4.70","2636494252500"
"128940","한미약품","KOSPI","제약","461000","-13000","-2.74","5905866851000"
"009240","한샘","KOSPI","유통","44850","-1350","-2.92","1055496670800"
"020000","한섬","KOSPI","섬유·의류","15610","-310","-1.95","350253230670"
"003680","한성기업","KOSPI","음식료·담배","4900","-100","-2.00","30426623500"
"105630","한세실업","KOSPI","섬유·의류","12760","-60","-0.47","510400000000"
"069640","한세엠케이","KOSPI","유통","681","-12","-1.73","30513227862"
"016450","한세예스24홀딩스","KOSPI","섬유·의류","4350","-115","-2.58","174000000000"
"009180","한솔로지스틱스","KOSPI","운송·창고","2590","-60","-2.26","72923586750"
"213500","한솔제지","KOSPI","종이·목재","8250","-190","-2.25","196354752000"
"014680","한솔케미칼","KOSPI","화학","225000","-11500","-4.86","2550418875000"
"004710","한솔테크닉스","KOSPI","전기·전자","5980","-240","-3.86","192017070440"
"004150","한솔홀딩스","KOSPI","기타금융","3100","-120","-3.73","127182522000"
"025750","한솔홈데코","KOSPI","종이·목재","626","-11","-1.73","50433783274"
"004960","한신공영","KOSPI","건설","8010","0","0.00","92681323020"
"011700","한신기계","KOSPI","기계·장비","2960","-100","-3.27","96040606960"
"001750","한양증권","KOSPI","증권","18720","-520","-2.70","238278156480"
"001755","한양증권우","KOSPI","증권","18610","-330","-1.74","9770250000"
"018880","한온시스템","KOSPI","기계·장비","3605","-200","-5.26","2446938999960"
"009420","한올바이오파마","KOSPI","제약","45150","-1100","-2.38","2358664805700"
"014130","한익스프레스","KOSPI","운송·창고","3315","0","0.00","39780000000"
"300720","한일시멘트","KOSPI","비금속","17340","-430","-2.42","1200995103600"
"002220","한일철강","KOSPI","금속","4375","-210","-4.58","116801387500"
"006390","한일현대시멘트","KOSPI","비금속","18010","0","0.00","348091372720"
"003300","한일홀딩스","KOSPI","비금속","16360","-260","-1.56","504425982240"
"051600","한전KPS","KOSPI","건설","50600","-2800","-5.24","2277000000000"
"052690","한전기술","KOSPI","일반서비스","88600","-4600","-4.94","3386292000000"
"130660","한전산업","KOSPI","일반서비스","11360","-480","-4.05","370336000000"
"002320","한진","KOSPI","운송·창고","20150","-400","-1.95","306985451500"
"003480","한진중공업홀딩스","KOSPI","전기·가스","4680","-95","-1.99","138199520160"
"180640","한진칼","KOSPI","기타금융","93900","-3800","-3.89","6268977998100"
"18064K","한진칼우","KOSPI","기타금융","33400","-800","-2.34","17927984400"
"005110","한창","KOSPI","유통","1254","0","0.00","26467434378"
"009460","한창제지","KOSPI","종이·목재","541","-15","-2.70","32280109926"
"372910","한컴라이프케어","KOSPI","의료·정밀기기","2500","-65","-2.53","69186015000"
"000880","한화","KOSPI","화학","86500","-4400","-4.84","6483930577500"
"00088K","한화3우B","KOSPI","화학","38800","-2100","-5.13","752892310800"
"452260","한화갤러리아","KOSPI","유통","1059","-11","-1.03","205297326990"
"45226K","한화갤러리아우","KOSPI","유통","2035","-15","-0.73","5910596450"
"451800","한화리츠","KOSPI","부동산","4020","15","0.37","721992000000"
"489790","한화비전","KOSPI","전기·전자","45800","-1800","-3.78","2312368262000"
"088350","한화생명","KOSPI","보험","3000","-75","-2.44","2605590000000"
"000370","한화손해보험","KOSPI","보험","5190","-240","-4.42","605874968850"
"009830","한화솔루션","KOSPI","화학","27050","-1000","-3.57","4649693098800"
"009835","한화솔루션우","KOSPI","화학","20950","-700","-3.23","53953561550"
"272210","한화시스템","KOSPI","전기·전자","50400","-3000","-5.62","9521537205600"
"012450","한화에어로스페이스","KOSPI","운송장비·부품","921000","-58000","-5.92","47489892321000"
"082740","한화엔진","KOSPI","기계·장비","41400","-950","-2.24","3454711678800"
"042660","한화오션","KOSPI","운송장비·부품","127800","-3100","-2.37","39159631753200"
"003530","한화투자증권","KOSPI","증권","4785","-305","-5.99","1026611103375"
"003535","한화투자증권우","KOSPI","증권","8470","-360","-4.08","40656000000"
"195870","해성디에스","KOSPI","전기·전자","53400","-2400","-4.30","907800000000"
"101530","해태제과식품","KOSPI","음식료·담배","6220","-160","-2.51","181106632840"
"143210","핸즈코퍼레이션","KOSPI","운송장비·부품","1431","6","0.42","31304193957"
"000720","현대건설","KOSPI","건설","60800","-3100","-4.85","6770430512000"
"000725","현대건설우","KOSPI","건설","50600","-1600","-3.07","53367465800"
"453340","현대그린푸드","KOSPI","유통","16060","-230","-1.41","527078696760"
"086280","현대글로비스","KOSPI","운송·창고","161300","-1900","-1.16","12097500000000"
"064350","현대로템","KOSPI","운송장비·부품","187300","-9500","-4.83","20442351478900"
"079430","현대리바트","KOSPI","기타제조","6410","-240","-3.61","131631157620"
"012330","현대모비스","KOSPI","운송장비·부품","288500","-5500","-1.87","26482884619000"
"069960","현대백화점","KOSPI","유통","94000","600","0.64","2127108422000"
"004560","현대비앤지스틸","KOSPI","금속","10760","-280","-2.54","162248006360"
"004310","현대약품","KOSPI","제약","3685","-100","-2.64","117920000000"
"017800","현대엘리베이터","KOSPI","기계·장비","79600","-2300","-2.81","3111753846000"
"307950","현대오토에버","KOSPI","IT 서비스","181200","-7800","-4.13","4969225538400"
"011210","현대위아","KOSPI","운송장비·부품","54100","-1500","-2.70","1471253990300"
"004020","현대제철","KOSPI","금속","30200","-1750","-5.48","4030062707000"
"005440","현대지에프홀딩스","KOSPI","기타금융","8150","-340","-4.00","1270620053150"
"005380","현대차","KOSPI","운송장비·부품","264500","-7000","-2.58","54158429107000"
"005387","현대차2우B","KOSPI","운송장비·부품","199300","-5200","-2.54","6968311249000"
"005389","현대차3우B","KOSPI","운송장비·부품","195500","-5000","-2.49","455016866000"
"005385","현대차우","KOSPI","운송장비·부품","195900","-5100","-2.54","4572494064000"
"001500","현대차증권","KOSPI","증권","7970","-320","-3.86","492809360680"
"011760","현대코퍼레이션","KOSPI","유통","20700","-800","-3.72","273839596200"
"227840","현대코퍼레이션홀딩스","KOSPI","유통","11790","-450","-3.68","107298856440"
"126560","현대퓨처넷","KOSPI","통신","3125","-85","-2.65","344384203125"
"001450","현대해상","KOSPI","보험","27600","-1350","-4.66","2467440000000"
"057050","현대홈쇼핑","KOSPI","유통","54400","-1300","-2.33","652800000000"
"093240","형지엘리트","KOSPI","섬유·의류","1251","-52","-3.99","48026214009"
"003010","혜인","KOSPI","유통","4960","-140","-2.75","63055225120"
"111110","호전실업","KOSPI","섬유·의류","7600","-260","-3.31","71257600000"
"008770","호텔신라","KOSPI","유통","46650","-1350","-2.81","1830924844650"
"008775","호텔신라우","KOSPI","유통","38550","-850","-2.16","28984935450"
"378850","화승알앤에이","KOSPI","운송장비·부품","3050","-40","-1.29","57930550150"
"241590","화승엔터프라이즈","KOSPI","섬유·의류","4890","-260","-5.05","296281559640"
"006060","화승인더","KOSPI","유통","3720","-125","-3.25","205790400000"
"013520","화승코퍼레이션","KOSPI","운송장비·부품","2055","-80","-3.75","102855322860"
"010690","화신","KOSPI","운송장비·부품","7660","-380","-4.73","267490340600"
"133820","화인베스틸","KOSPI","금속","1825","-67","-3.54","63718969800"
"010660","화천기계","KOSPI","기계·장비","4685","-115","-2.40","103070000000"
"000850","화천기공","KOSPI","기계·장비","32100","150","0.47","70620000000"
"016580","환인제약","KOSPI","제약","11440","0","0.00","212784800800"
"032560","황금에스티","KOSPI","금속","6040","-10","-0.17","102680000000"
"004800","효성","KOSPI","기타금융","135300","-5700","-4.04","2264977067100"
"094280","효성ITX","KOSPI","일반서비스","12620","-280","-2.17","145864484000"
"298040","효성중공업","KOSPI","전기·전자","2077000","-89000","-4.11","19367086196000"
"298020","효성티앤씨","KOSPI","화학","215000","-6000","-2.71","930451630000"
"298000","효성화학","KOSPI","화학","38900","0","0.00","147501447900"
"093370","후성","KOSPI","화학","8640","-150","-1.71","926686051200"
"005870","휴니드","KOSPI","전기·전자","7570","-210","-2.70","106858233550"
"079980","휴비스","KOSPI","화학","2660","-45","-1.66","91770000000"
"005010","휴스틸","KOSPI","금속","3930","-210","-5.07","220819134750"
"000540","흥국화재","KOSPI","보험","3670","-175","-4.55","235770507150"
"000545","흥국화재우","KOSPI","보험","6960","-80","-1.14","5345280000"
"003280","흥아해운","KOSPI","운송·창고","1600","-57","-3.44","384679838400"